Ronald     ,Doe
David      ,Dawson
Peter      ,Carroll
Blake      ,Wilkinson
Aaron      ,Chambers
Leon       ,Simpson
Declan     ,Ward
Aiden      ,Cook
Cruz       ,Bell
Seamus     ,Oliver
Maxim      ,Stephenson
Devan      ,Buckner
Ronald     ,Clark
Adam       ,Lewis
Michael    ,Jones
Ryan       ,Bennett
Henry      ,Grant
Josh       ,Pearce
Cristian   ,Witt
Houston    ,Cooper
Bentlee    ,Fulton
Bodhi      ,Cole
Lorenzo    ,Dorsey
Reed       ,Holmes
Gene       ,Williamson
Hayden     ,Mills
Ashton     ,Williamson
Morgan     ,Thomson
Ali        ,Allison
Justice    ,Mathis
Alexis     ,Ayala
Ashley     ,Price
Phoenix    ,Shields
Eliza      ,Brooks
Tegan      ,Ellis
Gracie     ,Mccarthy
Lara       ,Cook
Elizabeth  ,Cook
Myah       ,Sears
Sofia      ,Tucker
Milena     ,Ward
Mikaela    ,O'donnell
Yesenia    ,Santana
Daisy      ,Lewis
Zak        ,Francis
Jo         ,Davidson
Morgan     ,Lawson
Charlotte  ,Dixon
Silver     ,Harper
Isabella   ,Hamilton
Tanner     ,Porter
Corey      ,Moss
Taylor     ,Thompson
Maddison   ,Elliott
Scott      ,Phillips
Maya       ,Bailey
Reggie     ,Gray
Cerys      ,James
Billie     ,Thomson
Rhys       ,Hall
Rachel     ,Burke
Leah       ,Hill
Andrew     ,Parry
Eva        ,Watts
Christopher,Adams
Cameron    ,Mason
Harley     ,Turner
Aiden      ,Evans
Taylor     ,Cochran
Mario      ,Ashley
Moriah     ,Poole
Ryland     ,Wiley
Gilbert    ,Guzman
Jake       ,Salazar
Lorenzo    ,Watson
Leighton   ,Perkins
Nora       ,Ferrell
Claudia    ,Ferguson
Jaylah     ,Spencer
Lindsey    ,Jackson
Elena      ,Roman
Nevaeh     ,Parker
Rylee      ,Hale
Giada      ,Nichols
Azalea     ,Eaton
Dario      ,Figueroa
Ulises     ,Mueller
Jaeden     ,Gibson
Paula      ,Nguyen
Luke       ,Ratliff
Bradyn     ,Harrison
Anika      ,Valdez
Felix      ,Morse
Alexis     ,Day
Jess       ,Ross
Theo       ,Barker
Sophie     ,Wilkinson
Scarlett   ,Taylor
Sam        ,Burns
Ashton     ,Thomson
Danielle   ,Sharp
Blake      ,Graham
Jenson     ,Reynolds
Rebecca    ,Knight
Frankie    ,Watts
Olivia     ,Lee
Kris       ,John
Zak        ,Gray
Erin       ,Gibson
Frederick  ,Richardson
George     ,Khan
Isaac      ,Miller
Finlay     ,Hudson
Oscar      ,Moss
Taylor     ,Cooper
Gracie     ,Barrett
Libby      ,Robertson
Ashley     ,Wood
Kimora     ,Fisher
Jabari     ,Conrad
Mustafa    ,Monroe
Francisco  ,Roth
Erin       ,O'neill
Carl       ,Mckenzie
Janessa    ,Graves
Taryn      ,Murphy
Kristen    ,Garrett
Sadie      ,Mcintosh
Krish      ,Suarez
Cynthia    ,Alexander
Jovani     ,Frank
Marley     ,Mckee
Kylah      ,Wooten
Tomas      ,Contreras
Stephen    ,Alvarado
Claire     ,Rhodes
Raylee     ,Atkinson
Anne       ,Francis
Kyson      ,Fernandez
Ansley     ,Zimmerman
Annalee    ,Dean
Gabriella  ,Conway
Zachariah  ,Weber
Kayleigh   ,Henderson
Rebecca    ,Marshall
Joe        ,Clark
Maisie     ,Robinson
Lola       ,Murphy
Rachel     ,Fisher
Harvey     ,Hughes
Kit        ,Wright
Tilly      ,Reynolds
Gabriel    ,Read
Bobby      ,John
Blake      ,Pearson
Bradley    ,Martin
Lara       ,Collins
Skyler     ,West
Caitlin    ,Dean
George     ,Hopkins
Brook      ,Price
Henry      ,Thompson
Emily      ,Hamilton
Ethan      ,Howard
Reed       ,Walsh
Tanner     ,Adams
Josh       ,Bates
Anna       ,Mitchell
Maliah     ,Day
Zaria      ,Collier
Raylee     ,Petersen
Geraldine  ,Spence
Eva        ,Powell
Sonia      ,Jones
Laura      ,Dejesus
Salma      ,Brooks
Erika      ,Sargent
Cailyn     ,Barron
Alvaro     ,Gallegos
June       ,Shaffer
Payton     ,Pacheco
Anika      ,Blair
Jaime      ,Grimes
Ryan       ,Henderson
Noah       ,Strong
Sidney     ,Dale
Bradley    ,Vazquez
Jordyn     ,Moon
Pearl      ,Brennan
Dylan      ,Roth
Alfonso    ,Jensen
Juliet     ,Summers
Nash       ,Macias
Ronald     ,Doe
David      ,Dawson
Peter      ,Carroll
Blake      ,Wilkinson
Aaron      ,Chambers
Leon       ,Simpson
Declan     ,Ward
Aiden      ,Cook
Cruz       ,Bell
Seamus     ,Oliver
Maxim      ,Stephenson
Devan      ,Buckner
Ronald     ,Clark
Adam       ,Lewis
Michael    ,Jones
Ryan       ,Bennett
Henry      ,Grant
Josh       ,Pearce
Cristian   ,Witt
Houston    ,Cooper
Bentlee    ,Fulton
Bodhi      ,Cole
Lorenzo    ,Dorsey
Reed       ,Holmes
Gene       ,Williamson
Hayden     ,Mills
Ashton     ,Williamson
Morgan     ,Thomson
Ali        ,Allison
Justice    ,Mathis
Alexis     ,Ayala
Ashley     ,Price
Phoenix    ,Shields
Eliza      ,Brooks
Tegan      ,Ellis
Gracie     ,Mccarthy
Lara       ,Cook
Elizabeth  ,Cook
Myah       ,Sears
Sofia      ,Tucker
Milena     ,Ward
Mikaela    ,O'donnell
Yesenia    ,Santana
Daisy      ,Lewis
Zak        ,Francis
Jo         ,Davidson
Morgan     ,Lawson
Charlotte  ,Dixon
Silver     ,Harper
Isabella   ,Hamilton
Tanner     ,Porter
Corey      ,Moss
Taylor     ,Thompson
Maddison   ,Elliott
Scott      ,Phillips
Maya       ,Bailey
Reggie     ,Gray
Cerys      ,James
Billie     ,Thomson
Rhys       ,Hall
Rachel     ,Burke
Leah       ,Hill
Andrew     ,Parry
Eva        ,Watts
Christopher,Adams
Cameron    ,Mason
Harley     ,Turner
Aiden      ,Evans
Taylor     ,Cochran
Mario      ,Ashley
Moriah     ,Poole
Ryland     ,Wiley
Gilbert    ,Guzman
Jake       ,Salazar
Lorenzo    ,Watson
Leighton   ,Perkins
Nora       ,Ferrell
Claudia    ,Ferguson
Jaylah     ,Spencer
Lindsey    ,Jackson
Elena      ,Roman
Nevaeh     ,Parker
Rylee      ,Hale
Giada      ,Nichols
Azalea     ,Eaton
Dario      ,Figueroa
Ulises     ,Mueller
Jaeden     ,Gibson
Paula      ,Nguyen
Luke       ,Ratliff
Bradyn     ,Harrison
Anika      ,Valdez
Felix      ,Morse
Kayleigh   ,Henderson
Rebecca    ,Marshall
Joe        ,Clark
Maisie     ,Robinson
Lola       ,Murphy
Rachel     ,Fisher
Harvey     ,Hughes
Kit        ,Wright
Tilly      ,Reynolds
Gabriel    ,Read
Bobby      ,John
Blake      ,Pearson
Bradley    ,Martin
Lara       ,Collins
Skyler     ,West
Caitlin    ,Dean
George     ,Hopkins
Brook      ,Price
Henry      ,Thompson
Emily      ,Hamilton
Ethan      ,Howard
Reed       ,Walsh
Tanner     ,Adams
Josh       ,Bates
Anna       ,Mitchell
Maliah     ,Day
Zaria      ,Collier
Raylee     ,Petersen
Geraldine  ,Spence
Eva        ,Powell
Sonia      ,Jones
Laura      ,Dejesus
Salma      ,Brooks
Erika      ,Sargent
Cailyn     ,Barron
Alvaro     ,Gallegos
June       ,Shaffer
Payton     ,Pacheco
Anika      ,Blair
Jaime      ,Grimes
Ryan       ,Henderson
Noah       ,Strong
Sidney     ,Dale
Bradley    ,Vazquez
Jordyn     ,Moon
Pearl      ,Brennan
Dylan      ,Roth
Alfonso    ,Jensen
Juliet     ,Summers
Nash       ,Macias
Joel       ,Sharp
Jessie     ,Chapman
Sophia     ,Kennedy
Alexander  ,Bennett
Megan      ,Elliott
Bailey     ,Barrett
Benjamin   ,Lane
Billy      ,Dawson
Denny      ,Hussain
Lacey      ,Spencer
Skye       ,Simpson
Demi       ,Austin
Frankie    ,Wells
Zak        ,Miller
Aiden      ,Ward
Brandon    ,Lloyd
Leslie     ,Read
Nathan     ,Chambers
Morgan     ,Doyle
Jo         ,Henderson
Georgina   ,Perry
Nicole     ,Reid
Caitlin    ,Fox
Mya        ,Macdonald
Declan     ,Wilkinson
Willa      ,Fletcher
Eve        ,Marks
Kamden     ,Patrick
Misael     ,Castro
Laurel     ,Mcintosh
Janae      ,Gentry
Claudia    ,Klein
Jackson    ,Underwood
Aaren      ,Monroe
Yusuf      ,Ferrell
Makayla    ,Collier
Kelly      ,Chavez
Sloan      ,Simpson
Ace        ,Franks
Kylie      ,Barnett
Giselle    ,Vargas
Derrick    ,Hardy
Aurora     ,Hawkins
Joel       ,Blackburn
Braxton    ,Farmer
Dominik    ,Burnett
Aisha      ,Todd
Cristina   ,Crane
Bridger    ,Finch
Riley      ,Salinas
Riley      ,Allen
Archie     ,Howard
Bev        ,Hamilton
Mell       ,Perry
Brice      ,Holmes
Amelia     ,Harrison
Silver     ,Ross
Eva        ,Holland
Layla      ,Stewart
Lexie      ,Williamson
Henry      ,Lowe
Joel       ,Barnes
Robin      ,Griffiths
John       ,Pearce
Zoe        ,Baker
Kate       ,Knight
Elliot     ,Matthews
Edward     ,Clark
George     ,Saunders
Ryan       ,Green
Matthew    ,Kennedy
Hollie     ,Watson
Sienna     ,Thomson
Summer     ,West
Nathan     ,Barker
Scarlette  ,Mathews
Aylin      ,Reese
Jordyn     ,Cooke
Kasey      ,Key
Tristan    ,Carson
Jayla      ,Clements
Ronin      ,Grant
Alex       ,Pratt
Jaden      ,Clayton
Kingsley   ,Mack
Kaia       ,Richard
Kellan     ,Hunt
Cash       ,Bailey
Ada        ,Gallagher
Willie     ,Stuart
Reece      ,Evans
Sterling   ,Chan
Kenna      ,Williamson
Dwayne     ,Knox
Jackson    ,Bennett
Walker     ,Clay
Bailey     ,Underwood
Malaya     ,Bates
Broderick  ,Holmes
Coraline   ,Park
Connor     ,Roberts
John       ,Jordan
Finley     ,Jordan
Aaron      ,Davis
Ben        ,Rose
Shawn      ,Cantrell
Timothy    ,Riggs
Wade       ,Silva
Jesse      ,Bright
Byron      ,Cantu